StudentID,FirstName,LastName,Program,Email
833506473,Jerrod,Church,Oil & Gas,hmlx20@tzlxdh.net
517841334,Krista,Aguirre,"Giftware, Jewellery & Tableware",hmwdy.tshwi@gfmmilfh.zxiwup.net
484685283,Gilbert,Carr,Electronics & IT Hardware,hnchu@czfeoe.org
398222688,Kristi,Hendricks,Chemicals,hnocy.yypvjhqf@zmhgha.net
192231405,Guillermo,Camacho,Mechanical Electrical & Process Engineering,hnqjzv@tuioee.org
615168143,Craig,Fuller,Metals & Minerals,hobwitj@jjgykd.org
807347709,Connie,Cisneros,Business (& Consumer) Services,hocnc.kewpr@-epzxm.net
506267387,Tammy,Ellison,Electronics & IT Hardware,hohxx.eecsvvtlmd@hcpsza.org
400557489,Howard,Dougherty,"Household Goods, Furniture & Furnishings",hppktns.iukjsjjaby@jygrxl.com
964963619,Danny,Booker,Healthcare & Medical,hqeihdix.vczsqf@ajhjha.com
723645846,Renee,Shah,Mechanical Electrical & Process Engineering,hqsrifyy75@igdash.net
789385551,Heather,Nguyen,Mechanical Electrical & Process Engineering,hqzgk73@xyuoyv.com
989625287,Nora,Petersen,Marine,hrbus550@bpeywq.com
145665973,Theodore,Ortiz,Airports,hrfsv.bsrecvk@qhufar.net
164206384,Paul,Pruitt,"Household Goods, Furniture & Furnishings",hrzfshrc863@re-ask.net
779815303,Eli,Meadows,Education & Training,hsaaoj.vvnw@awahlg.com
908985991,Gabriela,Peterson,"Textiles, Interior Textiles & Carpets",hsfp367@ouwed.yjckdv.org
555772732,Roy,Finley,"Giftware, Jewellery & Tableware",hsxft025@ihpvpj.xl-kxv.org
889482393,Stacy,Blanchard,Metallurgical Process Plant,htxxn.mnuyp@nbibey.wl-bas.org
633400738,Marty,Pham,Chemicals,hunlj.qjsxedrly@avmauo.net
281206339,Megan,Guerra,Healthcare & Medical,hvglyk.twafptfgza@sakqfq.net
601139216,Katrina,Mcclain,"Agriculture, Horticulture & Fisheries",hwprxe.rmkikeediy@oimstqovp.iwsntf.org
122829836,Adrian,Odonnell,"Textiles, Interior Textiles & Carpets",hxweos.sism@tgxw.rwylwb.net
702962542,Lillian,Randolph,Food & Drink,hzeddelo7@qqjgxmhn.jukyrw.net
529395135,Juanita,Hudson,Healthcare & Medical,iblduxvp.lzzebp@mlivya.xmobjt.com
355219338,Dan,Solis,Business (& Consumer) Services,ibrmegjp56@ksjivnnz.hibijq.org
971699178,Karin,Cantu,Airports,icnngxf.mwzekospu@tdol.cwhmva.com
906605056,Douglas,Miranda,"Textiles, Interior Textiles & Carpets",idnsvi.fddqkse@fvzqni.com
927619416,Leon,Wagner,Education & Training,idzasi.xwdxx@tcvbyc.net
313104951,Kristy,Dunn,"Textiles, Interior Textiles & Carpets",iecvjg.vhoa@wuvb.cgstyh.net
921200476,Johanna,Velazquez,"Fire, Police & Security",ieguo3@jygehz.org
748403900,Duane,Williamson,"Fire, Police & Security",ieilh.dodypjqasm@kusjeu.qwyowq.com
348830913,NULL,Sandoval,Power,ienkfje559@tevumt.org
917492026,Cedric,Sutton,Sports & leisure Infrastructure,iffg08@muevg.jekoul.org
719613145,Benny,Eaton,Leisure & Tourism,igbs.xhwyc@kwmyr.bvdzxy.com
868150055,Charles,Flores,Power,ihcs5@fndwey.org
494693664,George,Nicholson,Business (& Consumer) Services,ihpffjx.ydnmdp@nzgxel.com
265872710,Darrin,Boyd,Education & Training,ihsqmx8@y-wnsl.org
561671863,Melody,Costa,Environment,ihyvjsve.tnocbkqyo@nevypkrxy.fcbmsd.net
776395645,Kenneth,Maddox,Marine,iiga5@dmzvkn.com
307642177,Leroy,Jennings,Sports & leisure Infrastructure,ijan@jarhzbe.mgtbwb.org
171008645,Alexander,Wise,"Household Goods, Furniture & Furnishings",ijblpmz.tbagkh@lqjgaf.org
810450359,Robin,Mc Knight,Leisure & Tourism,ijcvfw09@ztiwje.k-xqjx.net
840696372,Herman,Mueller,Metals & Minerals,ijmhw.zoahizoe@aqhuuftsd.td-owt.net
931030619,Terri,Osborn,"Household Goods, Furniture & Furnishings",ikurwq.mgxryqfi@gcphvmf.jpzexu.org
482946167,Bryce,Randolph,Aerospace (Civil),ikvkle.vlay@-llkvg.net
545707056,Joy,Mejia,Automotive,ilou.cfhcipmi@twerda.xslq-u.org
719958925,Guillermo,Dawson,Construction,ilvtof328@mvisocub.syisqo.net
256940755,Chandra,Hart,Marine,imonit.amuccmmp@xyvj.t-gkhb.com
215722494,Tonia,Buck,Biotechnology & Pharmaceuticals,imqiauu87@vgoa.xyimtl.net
719278652,Brett,Kennedy,Marine,imupndu720@bmiwp.xvbtsk.org
301756935,Joni,Wilcox,Water,inpornng29@dusnpi.org
585283155,Casey,Kirby,Ports & Logistics,inyp.xadk@usjkom.org
701657830,Floyd,Key,Automotive,ipac.mauzoa@zentul.com
186060518,Liza,Price,Metallurgical Process Plant,iqjuh.keveaoitbs@ktlozt.dglgoq.com
696605758,Clifton,Pennington,Metals & Minerals,irprel.spiodg@zfiuad.org
832986218,Alberto,Sweeney,Oil & Gas,iunc.nidxjv@ruqflx.com
226464810,Damion,Baird,Metallurgical Process Plant,iyfemslo.ylvv@txnace.org
627328237,Cecilia,Cantrell,Railways,izofqt3@zerbzu.net
466826992,Daniel,Bentley,Construction,jbgpeurp.oiaeyiooqd@zmgevgk.ehlktr.com
540245259,Miguel,Reeves,Chemicals,jbhw.ryre@gzguzpr.itdtqi.org
727922592,Alisha,Dillon,Creative & Media,jeflz.jiiynx@hesjoz.nabqgs.org
434506853,Ashley,Schmitt,Aerospace (Civil),jejd.yhohysqke@betia-.org
237772344,Deanna,Cuevas,"Clothing, Footwear & Fashion",jepptljz.bwgujksx@mgslae.ksdids.com
256431261,Milton,Gray,Water,jeutr.cyukfkngx@imzqxn.com
147475848,Gloria,Shah,Sports & leisure Infrastructure,jevdu998@fggteazr.ymzwjy.com
119635346,Glen,Haley,Construction,jglyr130@wtkany.com
221253717,Jane,Steele,Chemicals,jifw.epsnwsru@vcpt.osgnsl.org
407750348,Mitchell,Brock,Creative & Media,jijy9@vpowie.org
114668729,Randal,Lane,Oil & Gas,jiysjqc0@kehhzk.net
675426753,Christina,Rasmussen,Power,jizcu.vjcauwnf@dbugl.vegbwa.com
610900628,Sonny,Avery,Education & Training,jjis@wwxitl.net
153182654,Jake,Rice,"Agriculture, Horticulture & Fisheries",jjpinvi.eiiwl@isveio.com
464445764,Lana,Humphrey,Mechanical Electrical & Process Engineering,jkddmhbt13@cvniuk.org
864092126,Clint,Cross,"Textiles, Interior Textiles & Carpets",jkeafadd.imyspvvuiw@lmbhi.hvodwy.com
989883276,Max,Cordova,Communications,jkelqy.ufmnfjfzv@lqqqbr.org
734719847,Mia,Austin,Automotive,jkrbej.yqlyw@ngv-bi.org
648541467,Judy,Robles,"Fire, Police & Security",jlzz@oggasb.ztdyyc.com
377212857,Cecilia,Burton,"Fire, Police & Security",jmbvn.rxoz@scywkr.org
477926394,Chrystal,Fry,Marine,jndrt9@swpuead.hqmofl.net
615668939,Ross,Poole,Healthcare & Medical,joiikey.oohv@vdxtsd.org
642547607,Kerrie,Braun,Chemicals,jqujr943@tcvcmm.com
509660243,Evan,Sampson,Aerospace (Civil),jrvzmx271@squein.com
824813346,Lauren,Benson,"Giftware, Jewellery & Tableware",juieyey3@kuxv.thnznx.net
179332523,Traci,Kaufman,Business (& Consumer) Services,jvpwpjri.cdwlikv@upjfwi.net
21043799,Tamika,Conway,"Fire, Police & Security",jvtv.framodntgc@wuvokz.vdffyk.net
312832809,Marci,Wallace,Automotive,jwjlq.sxszcnzqbf@ixlcdnw.wjmfck.org
414966762,Terrance,Walter,Marine,jxxhn538@twkgmaer.leooay.org
945334984,Jasmine,Salazar,Railways,jybt.kqnrutx@vreftot.dagkhr.org
292185089,Christina,Cox,"Fire, Police & Security",kcoopkj.esqc@tlxkakxcs.qysikz.org
561512411,Patricia,Lawrence,Automotive,kegknrak166@epeqpm.com
118138778,Randolph,Schwartz,Automotive,kehxytvb.yxkfzjgmav@z-kxxg.net
18541365,Alfredo,Rodriguez,Sports & leisure Infrastructure,kffdchzz.kdfrzbf@xnrnd-.net
973249688,Bobbi,Landry,Construction,kgmnhs.cjrmazapsj@ldkb.nltdf-.net
16765991,Lynn,Sweeney,Communications,khwvme.ehihdsstv@libfmbi.axwtdj.com
595986374,Tracey,Ho,Railways,kixcuxid.skasdmjk@gdwqnbkt.edxmvn.org
894700845,Bill,Odom,Sports & leisure Infrastructure,kjhj@xrhwty.com
477008590,Bradley,Leon,Food & Drink,klwrhyq@byuzmx.net
171618638,Patrick,Keith,Railways,kmjw.zhqjf@hljxyg.org
616049062,Devon,Whitaker,Business (& Consumer) Services,kmphaad.eilionbc@atgh.efbsox.com
453505732,Joy,Mendez,Biotechnology & Pharmaceuticals,kmxnn.jlxn@avswsd.net
114610232,Latoya,Guerrero,Leisure & Tourism,kmyjc773@adnipw.org
528523791,NULL,Murphy,"Clothing, Footwear & Fashion",knrzvs@fbjgiw.com
341256482,Kathryn,Ibarra,Leisure & Tourism,knslwug.iradojdbbv@ghfgeq.com
165276630,Roberta,Mathews,Construction,kolbb.nwrmctbck@cisrap.org
520260566,Bennie,O'Connor,Airports,koqivw.aryhouhjly@eq-zic.org
458834871,Jenifer,Barry,Ports & Logistics,kozj6@zfefh.oywvqm.net
501831357,Rose,Orr,Ports & Logistics,kpnxkw27@vlxrbstpz.ytyhfm.org
326495711,Marjorie,May,Construction,kqir19@kvfpddvr.otiath.com
725371302,Ruth,Tate,"Giftware, Jewellery & Tableware",kucyuhc.kumu@tbzlni.net
633221712,Kim,Robertson,Environment,kwka34@nqjkxoqzb.jfxtxb.com
436439566,Lena,Schmidt,Airports,kwqphdkm@meqo-h.net
61228130,Joe,Kaufman,"Fire, Police & Security",kwxstfag.uhcmoptb@nmpcgz.com
124399061,Miguel,Pearson,Electronics & IT Hardware,kxoi37@hquaqoj.iuaegw.net
298254286,Benny,Sweeney,Biotechnology & Pharmaceuticals,kypxtp.bhjjyknb@yufq.jpcquy.org
724678232,Christine,Mc Donald,Aerospace (Civil),kyuy17@ojaofn.fffsch.net
438520597,Michele,Mahoney,Oil & Gas,kzreopzu15@fwrzvuwn.owxebh.com
223340675,Jami,Smith,Biotechnology & Pharmaceuticals,kzscc.cprlg@ba-s-e.com
668188189,Isabel,Paul,"Household Goods, Furniture & Furnishings",kzsv.uxjlfxvqe@cnadfj.net
656775234,Crystal,Bauer,Education & Training,laob.qcfxwsyv@plryvg.net
626834058,Demetrius,Bates,Oil & Gas,lbscvkbm.upxjsr@rgrulv.net
506137003,Nathan,Anderson,"Household Goods, Furniture & Furnishings",lcde.pcvagfemu@cmlqby.org
243083927,Erik,Parks,"Fire, Police & Security",lcnms.dalff@grmhpx.net
575753285,Sherri,Braun,Financial Services,leftbkgu1@gzxmzmad.mwimlg.org
714131134,Judy,Cameron,Business (& Consumer) Services,leorhwh.pgaigp@lkgzkv.enr-so.org
881248331,Marisol,Nicholson,Food & Drink,lexrpfq.gjxklzx@kjsh.hyjzsm.com
641448568,Ray,Olsen,Marine,lirh.cdmuujrqk@bteeto.org
514675501,Micheal,Bishop,Financial Services,ljwmf.dgyie@mufy.mqj-fw.net
617322741,Isaac,Kennedy,"Textiles, Interior Textiles & Carpets",llypqeh778@nwryvh.net
615518643,Carla,Jensen,Water,lmxrzji.cxtl@orqvqwra.lxhmbz.org
199346061,Amelia,Bond,Food & Drink,lnloo.duwwojnqio@nzznx.suoyh-.net
440988567,Neal,Mullins,Financial Services,lomccf08@zdhlon.org
653815020,Herbert,Beasley,Chemicals,lovlv@jqnupr.nlkjli.org
821095449,Leticia,Coffey,Biotechnology & Pharmaceuticals,lovobar91@lnqhkk.net
506760083,Shannon,Reilly,Biotechnology & Pharmaceuticals,lppdr90@zxledh.org
677638265,Myron,Juarez,Railways,lptouchh.avkaqsm@dpue.-whra-.net
811441271,Ty,Chandler,"Fire, Police & Security",lqquh4@yqdzctdaj.j-zmed.com
708123926,Travis,Hancock,Metallurgical Process Plant,lqyyhmm158@slulwv.yplxvl.com
334317577,Maurice,Downs,Metallurgical Process Plant,lrefu8@okmo.tsvjcw.net
778817702,Don,Bell,Mining,lrjgee.jsqabqrf@wiumlr.net
626147901,Darla,Griffin,Environment,lrnkd.hmczvouyjl@lccc.kuxjkw.net
595073252,Cecilia,Wright,"Household Goods, Furniture & Furnishings",lrvh523@nhmy.nieisl.com
589877859,Lamont,Douglas,Automotive,ltxoum.nqxroehk@ickqyh.com
463623878,Gary,Berry,Electronics & IT Hardware,lufmtqk.phui@-enyxk.com
393660790,Keri,Butler,Environment,lujxmga.mklrqbuy@hdavflovv.ekfyty.com
286306426,Gilbert,Marshall,Mining,lvvzhwv.hvqg@xsao.m-ovim.org
774716309,Beverly,Arnold,Mechanical Electrical & Process Engineering,lxffttw.cmjg@acvobe.org
974642469,Cesar,Kaufman,Mining,lxwy.toqmyohk@ynalsn.com
695878260,Jodie,Alvarez,Ports & Logistics,lyxp.zpza@etqiptgo.lqn-fd.net
679288903,Willie,Sanders,Metals & Minerals,lzosh.qdsq@jlbehubo.shsniv.net
893231123,NULL,NULL,Water,machlr.ynsrbifs@peqbnq.net
734226427,Melisa,Bender,Mining,maof@khigndp.rgppie.com
563936245,Bobby,Rangel,Marine,mbflflp216@twpagrmw.melnrx.org
724417217,Alisha,Drake,"Textiles, Interior Textiles & Carpets",mbozsfdn749@vlmrpb.le-vdb.org
750118414,Donnell,Cross,Communications,mbzk37@uuuxhlvhb.wsames.org
391855145,Ethan,Moreno,Chemicals,mfmw.ngpxlg@fxhdwv.net
341179280,Sonny,Brooks,Sports & leisure Infrastructure,mfsjnvbv.laujsfvr@dadnuw.com
735386687,Albert,Grant,"Household Goods, Furniture & Furnishings",mfyrdzr@rqcx.jqnyvl.net
536835310,Kelly,Conrad,Environment,mgkswwlq.pjkiopyyba@tibtdj.com
388952919,Randolph,Wilkerson,Sports & leisure Infrastructure,mgzcior1@pbcssikxe.enynqv.com
37924307,Andrea,Warren,Creative & Media,mhibxpb@gecszsfj.ilccli.net
418090721,Rex,Fowler,Railways,mhoiyvgo.vczdommypv@qozzum.org
837733133,Sheri,NULL,Construction,mhttrmqx.tlaopbgnpw@aayxxn.org
48511001,Myron,Pacheco,Ports & Logistics,mibs6@amlrhw.com
549075598,Sherrie,Reed,Environment,mijajw590@bgpj.neglen.org
391471920,Judith,Brennan,Aerospace (Civil),miqqcsaa@neuz.-jlxvj.com
86937415,Keri,Washington,Mechanical Electrical & Process Engineering,mkpsisfl094@tjnrzw.com
310297912,Mark,Knight,Environment,mlujv840@-dk-xo.com
642210237,Duane,Armstrong,"Agriculture, Horticulture & Fisheries",mncd.iqebcckng@-suwjz.com
117612807,Jill,Chambers,Chemicals,mnfoc.axgjlmdxdu@xmzmmq.com
36748281,Gordon,Chan,Healthcare & Medical,mnicdym3@xqtmks.net
638817079,Louis,Mac Donald,Metals & Minerals,mpwuwec52@u--fff.net
979413304,Charlie,Potter,Healthcare & Medical,mpzt.bqwge@wvjajr.com
239959307,Juanita,Baird,Environment,mrnt.cgbi@uxsoi.chizho.net
442044739,Eugene,Delacruz,"Fire, Police & Security",msdwu236@kwduijj.oydduc.com
255591645,Eileen,Wyatt,Water,msidbdoh9@aszjpl.com
883489728,Nichole,Perry,Communications,msnsw@olyvtw.com
137031600,Leo,Forbes,Power,mszfd2@-wqzyx.org
724919863,Wendell,Forbes,Healthcare & Medical,mteexli.znvwnq@lkdio.iyjfjk.com
852707209,Clint,Burch,Leisure & Tourism,mtfgy.vbcvxhol@ccz-a-.com
474365843,Freddie,Drake,Aerospace (Civil),mukvkmks001@jzarklssn.oehcxh.net
95750919,Lana,Barber,Creative & Media,murodwak@qmhlgt.com
382039503,Roberta,Lynch,Food & Drink,musvhvs.djwsvfn@wytjvs.net
696952672,Kareem,Mccall,Leisure & Tourism,mvmqtln@cnclfu.org
503377083,Rolando,Hays,Business (& Consumer) Services,mvrlkc.fzii@wwfmse.-i--ts.net
348334962,Jasmine,Montoya,Financial Services,mvzqr.ozqrkvieua@ksooxntjq.eaqkmg.com
860028407,Lara,Gentry,Financial Services,nanwg.jletbdkk@-vbnxk.com
322572724,Jeanne,Moyer,Power,ndtpk.onnazpentx@nfvzjk.net
889739943,Andy,Lucero,"Fire, Police & Security",nevkvdhz.dfcaxg@ztpu-h.net
928969897,Shelly,Kidd,Marine,ngydup.oznc@cagnmnd.istuxj.org
208563530,Cornelius,Leach,Metals & Minerals,niluvu.wjfosropk@rylwntysz.mljxo-.net
245330702,Keri,Stephenson,Biotechnology & Pharmaceuticals,nimsxh22@eyhulp.com
284562061,Gloria,Valentine,Water,nivimx.ixmh@rcrkac.net
714546282,Ralph,Terrell,Railways,njnj@kofxum.com
774908195,Anitra,York,Metals & Minerals,nkwf@bsjyets.aqz-pj.org
751490377,Corey,Walsh,Biotechnology & Pharmaceuticals,nlkdfr02@lqxcrgrss.zzezmt.net
352637355,Audra,Wilkins,Mining,nlqkptq.fsoe@qoamfj.jtcirh.org
710385126,Luis,Huber,Electronics & IT Hardware,nmgud@ezzs-i.org
183800127,Kenneth,Mercado,"Giftware, Jewellery & Tableware",nnnlp0@nxdvyl.net
705762090,Luis,Chaney,Oil & Gas,nnpepr.iotruz@ytodvp.com
924103906,Glenda,Butler,Metals & Minerals,nodnm4@ngrooo.org
448597717,Wendi,Reid,Creative & Media,nphjnchh.lfzzykyb@tgvfty.org
213333643,Rodney,Norman,Leisure & Tourism,nqyrb56@jjv-sp.org
500628850,Kristi,Terrell,"Clothing, Footwear & Fashion",nsej4@prneog.com
520946503,Steven,Patrick,Mechanical Electrical & Process Engineering,nsyd.emliosht@ruahla.org
623667426,Alex,Pope,Automotive,nubpx379@ihny.dgijtd.org
415040167,Latoya,Waters,"Fire, Police & Security",nurlzjf759@jmcj.exbrir.com
281771690,Joanne,Chaney,Leisure & Tourism,nuwg@gfgaqi.net
335317234,Candy,Mullen,Chemicals,nvunr859@qvducl.org
329601079,Karrie,Carr,"Fire, Police & Security",nvylwfy826@frwjpd.org
750630067,Marlon,Zimmerman,Education & Training,nwzyr898@feuha.ghtcff.com
22780837,Donna,Craig,Creative & Media,nxomu.icmj@lnnwcr.net
80321779,Bryce,Valencia,"Household Goods, Furniture & Furnishings",nybqbip.fprzaw@lqyqci.org
147067268,Leonardo,Proctor,Power,nywfi.ulmuxwutpi@pmaia.blmqkp.com
355386309,Edith,Pineda,Financial Services,nzndavdo220@jhqcjq.rvqlcm.org
265079585,Leonard,Bryan,"Fire, Police & Security",nzoki99@-lq-p-.org
343871239,Josephine,Kaufman,Metals & Minerals,nzvqddvs.sjpwafha@rtkh.ipoxne.org
107699319,Maribel,Leon,Oil & Gas,oaoudpo.gfdeeoi@bvxgjzgxq.-zfhoe.net
343134512,Elena,Parker,Education & Training,oaov.bsnvxh@lffdd.v-ytgx.org
931925735,Denise,House,Metallurgical Process Plant,obslefea94@yuyje.wwwinr.net
239360789,Kisha,Mcpherson,Sports & leisure Infrastructure,obuy.qcvfkaqrc@vdwvhzteq.xsuajz.com
776024565,Simon,Sanford,Water,oddod.kqirlugh@xfjiyy.com
930806979,Janette,Rhodes,"Household Goods, Furniture & Furnishings",odoeavd237@dtezdwqqt.mkbzqf.net
186036388,Trent,Cox,Communications,odurlc@hbfiximfn.mspfww.org
920028045,Nikki,Zamora,Electronics & IT Hardware,oduyr592@zqtsmlf.dnedte.org
692656190,Chadwick,Hopkins,Communications,oefzhvxf.kwfq@aakqvr.com
932145824,Robyn,Blevins,Environment,oerl.nxukyqy@rmaazv.com
871457242,Howard,Cole,Leisure & Tourism,ofcurdlt@lfuh.dfzhze.net
437373567,Jordan,Harris,"Household Goods, Furniture & Furnishings",offxb282@btgn-u.com
848175288,Nicole,Harding,Sports & leisure Infrastructure,ofhhkce.yyagcw@rxzi.anuun-.org
243814526,Trina,Michael,"Fire, Police & Security",ofjdrjsu.sfayh@hhjdxyty.ivhqov.org
847182037,Christi,Hansen,"Clothing, Footwear & Fashion",ohbknem.ukkdgnrme@lcigx-.com
2132015,NULL,Hardin,Marine,oijhgp.ekwsze@wexp.yagnwb.net
559846973,April,Guerrero,Metals & Minerals,oilg.zaxgqlbjtu@uovcdj.net
451027540,Gerard,Duffy,"Clothing, Footwear & Fashion",okbecssl83@qxrcer.net
748820164,Toni,Brooks,Construction,okuuaa.sxas@qjdlbmd.mxlynh.org
883434564,Clifton,Pruitt,Airports,okwsac@qoiolz.net
455750199,Alvin,Boyd,Food & Drink,olssxh40@diiosytj.loiyzm.org
954356319,Andrea,Mitchell,Ports & Logistics,olwqhqfh@ewxe.lakfxl.org
828292290,Edwin,Hurley,Mechanical Electrical & Process Engineering,omuayncn.iyndtiihm@kyhmda.com
322768686,Virgil,Chang,Power,onxupf@pknhut.org
835446378,Kristen,Johnson,Education & Training,oogwt.wrgexamh@jnikfrj.m-iaqw.com
220175912,Rachelle,Grimes,"Household Goods, Furniture & Furnishings",opejyocd572@sg-eop.org
632807995,Marvin,Rogers,Ports & Logistics,opgmxu.txujfcneb@hhttkji.bvivgh.org
265690591,Elizabeth,Farley,"Clothing, Footwear & Fashion",ordvfqr679@jlcugo.mctqxt.org
580209636,Toby,Arroyo,Mining,osfrfydw.kggdln@kfustvn.uorskw.net
136140177,Kevin,Reyes,Mechanical Electrical & Process Engineering,oulcm194@aemxc-.net
374798851,Angelina,Vargas,Food & Drink,ousivl86@irpkixne.-qhzuu.org
937207915,Carmen,Melton,Financial Services,ouzzd.tudpqvyv@tmmohv.org
638453507,Samuel,Gross,Marine,ovhft@opkb.voqoda.com
866268725,Joy,Price,Mining,oxiknmdk.ysangju@xvwz.kedozr.com
434154131,Rodolfo,Rollins,"Fire, Police & Security",oxsc.kdtj@q-mfun.net
47460053,Jeremiah,Schmitt,Environment,oyjb740@vpgzmj.pdvvbr.org
769075560,Shannon,Gray,Leisure & Tourism,oyrtwvc.lrzmhgshmd@-ouw-i.org
942751977,Jamal,Rowland,Aerospace (Civil),ozjleagk.eglygkfwc@mmxihj.org
695701276,Donald,Gilmore,Business (& Consumer) Services,pagzyu@kpghge.org
800512860,Loretta,Simmons,Power,pbhkhhr6@tdbfwn.net
111566294,Sophia,Cooper,"Clothing, Footwear & Fashion",pbmopm.jgruhcnf@guhl.uvebac.net
882677903,Joshua,Cline,"Fire, Police & Security",pbrcjaq95@dixczb.hzofpn.com
383575915,Elton,Peterson,Airports,pbvehf09@kekuci.net
860700527,Michele,Barker,Education & Training,pcpgdco.gbstc@qtiptp.lznxfo.com
854910798,Jami,Bates,"Clothing, Footwear & Fashion",pdxjz.pxvdlmvdc@fajzbf.com
795909127,Lakisha,Carlson,Construction,peygqqtf.tqzvtnl@sis-lp.com
387177693,Jeremy,Atkins,Water,pfeaqij@cfeh.dcvrqn.com
736374427,Benny,Hawkins,"Giftware, Jewellery & Tableware",pfjtzfh.dlyq@eaeofd.com
577483341,Helen,Faulkner,Electronics & IT Hardware,pghvq3@frdvsqq.vosfum.net
620957748,Jerome,Ramos,Education & Training,pglrktf.jelummo@weqgsu.com
546894003,Esteban,Costa,Environment,phau0@dnctayb.nxzfqz.org
932609297,Tim,Reid,Food & Drink,phofxo490@gbzoxa.net
509504507,Meredith,Joseph,Healthcare & Medical,phuocnrc769@nkmwp.fhpkma.com
646084340,Grace,Smith,Marine,pifqhwe838@xjcsyb.com
405321481,Christa,Bailey,Railways,pinrldno@lszrwo.kkegbr.org
692125291,Oliver,Brennan,Marine,pisp.syeiqbvnkp@pjkzkf.org
167505874,Scott,Houston,Business (& Consumer) Services,pjbntr.hsgh@onetbm.net
748955221,Guadalupe,Frost,Railways,pjsemp.yeziivd@kaell.lobtmj.net
70522918,Rhonda,Fernandez,Ports & Logistics,pkpfy7@iblcvv.dxbsoq.org
195465391,Traci,Horton,"Textiles, Interior Textiles & Carpets",plhiu401@rulip-.net
12256075,Nathaniel,Key,Creative & Media,plhpnrad.wuxijqzzv@lthxkrv.rqlcox.org
319981487,Jimmie,Benton,"Agriculture, Horticulture & Fisheries",pmblkt@zzwlyi.org
164555013,Andrew,Bender,Biotechnology & Pharmaceuticals,poobmzrf.ajsfoy@zexj.dldlvw.org
184426869,Adam,Wilcox,Financial Services,ppyzjvng.ctpdc@sjlipt.org
186641316,Doris,Dean,Oil & Gas,pqabz@rouoda.com
416184035,Bridgett,Christian,Electronics & IT Hardware,prullist0@noatggjsm.vsjado.org
982283844,Jayson,Fleming,"Fire, Police & Security",psdvqjg@pfleys.com
317345103,Jordan,Roth,Environment,pusj4@nlhclc.net
88908820,Camille,Durham,"Giftware, Jewellery & Tableware",pvpikutg.futahlhjjf@-ssmpt.org
931371432,Lorie,Mercado,Ports & Logistics,pwgn032@ccakxt.org
929893549,Tami,Boyd,Oil & Gas,pwtw700@lfvyvn.net
837660530,Bernard,Serrano,"Household Goods, Furniture & Furnishings",pxmyn.isdrtdgzk@crrzqi.net
333965326,Darnell,Blevins,Mechanical Electrical & Process Engineering,pxppsp.cpukeh@xrpnc.fssuxa.com
481125961,Christy,Finley,Mining,pyozs7@ymwemm.com
170279137,Nora,Crawford,Electronics & IT Hardware,pyusj.sdxk@fxduqr.net
591542448,Dustin,Arias,"Agriculture, Horticulture & Fisheries",pzdc@zkdgne.com
980213428,Frances,Reilly,Water,qaqw.lsvo@hkcxro.puuhsc.com
623440080,Beth,Sawyer,Ports & Logistics,qbilg3@emdnio.pwcbfm.org
888798189,Sophia,Cooper,"Agriculture, Horticulture & Fisheries",qbnanvaa99@fmxzwp.net
857381934,Carol,Khan,Healthcare & Medical,qbos08@amedrf.com
993041598,Joel,Gutierrez,Education & Training,qbpyokpj@rwqh-x.net
592105104,Bart,Cortez,"Agriculture, Horticulture & Fisheries",qcedzmw74@vykhvzq.xbwkse.org
669270697,Trina,Cervantes,Marine,qdigds1@rhiianp.kljuvp.net
843372056,Vicky,Daugherty,"Textiles, Interior Textiles & Carpets",qdzpllmv09@ybqkggg.dfcbxg.org
108000917,Esteban,Morse,"Fire, Police & Security",qemsjhpc56@vbkhz.rh-sen.com
433268234,Darius,Eaton,Aerospace (Civil),qeolsxx5@jocgvb.org
719643082,Bobby,Glass,Railways,qfnhky.eagachia@vazohx.com
519113505,Clifton,Reeves,Creative & Media,qfphivo7@cxagnql.xinopd.com
232566273,Alexandra,Guzman,Sports & leisure Infrastructure,qfukpl.dalcylvk@ycntz.sposdh.com
411199377,Roderick,Fry,Chemicals,qfyczpp78@nvcu.pbgaqe.com
909839818,Louis,Davidson,Electronics & IT Hardware,qfyswgnw.gxjibmbm@xlsz.ejabbo.org
56422315,Ellen,Ali,Leisure & Tourism,qgklntkl.llkatcrn@seokhv.net
320965256,Sandra,Farley,Aerospace (Civil),qgqa@fytlj.uq-rbc.org
69980885,Erica,Stevens,"Clothing, Footwear & Fashion",qikihb@sjmu.jbviau.com
979580196,Rebekah,Tyler,Business (& Consumer) Services,qkaug.lefhrzdyv@fmatuh.org
757364054,Beverly,Lowe,Ports & Logistics,qkdv.whruhr@bamzoc.net
449092416,Noah,Sanford,Mining,qkomc.sojzya@ugopmu.com
570279099,Anna,Cox,Aerospace (Civil),qljhbd4@uzqibkwep.hqyiwk.com
654337759,Randall,Fisher,Financial Services,qmadlu.lncatwj@jxkyyj.org
114985999,Charlene,Medina,Biotechnology & Pharmaceuticals,qmfqxfyl17@nlyjzr.net
610903246,Kerry,Hudson,Mechanical Electrical & Process Engineering,qnvym.rukwc@vnoboof.kvgfue.com
273497592,Elisabeth,Mccall,Automotive,qotdygs.gzpavn@vumdwzms.jajq-g.net
933594947,Marisol,Thomas,Leisure & Tourism,qozurds18@xkottihz.-frswz.com
531094534,Dylan,Medina,"Giftware, Jewellery & Tableware",qqihgnly.huippguu@psyngw.com
203197273,Terry,York,Oil & Gas,qqjnafgb.slno@gyvej.btnfvu.net
386527998,Teri,Avery,Mining,qrokok87@ldcapdbst.renthh.com
763630981,Esteban,Sherman,Leisure & Tourism,qsnnitp64@furpge.com
525230704,Franklin,Haas,Financial Services,qtizklor31@jvwzne.net
630030056,Bridget,Diaz,Food & Drink,qttdvxw.fgkodim@hlhot.ocmfux.org
808399920,Lillian,Villarreal,Metallurgical Process Plant,qtxh341@qrtkww.fpqgfp.com
622924458,Marcos,Yu,NULL,qugfvgl@lmjxke.net
273524536,Adrienne,Casey,"Clothing, Footwear & Fashion",qvlidnqw8@htpwbgbyw.atfotp.org
553879833,Jodie,Carr,Automotive,qwiegktx.mefmkwc@prmc.mjkd-x.org
292273646,Moses,Galloway,Business (& Consumer) Services,qxhmd.kcenrjt@jyddeq.btnkky.org
266324846,Ernesto,Johnson,"Household Goods, Furniture & Furnishings",qxriqcm.akkrneowg@dmzj.b-m-rr.org
78013162,Kristy,Clayton,Mining,qyeisvnq.oqszw@xwbxym.org
883174218,Gavin,Davenport,Education & Training,qyjlj.orxu@iyxrjg.ansvjr.com
455485036,Joel,Jimenez,Ports & Logistics,qynqzarr.mcteajfbnw@pryzljkvn.etpfmh.org
94176871,Alma,Osborn,Railways,qyzxovmi.jakktvhux@ztrxta.net
827843364,Jose,Murillo,"Giftware, Jewellery & Tableware",qzbydfa.oeukaxyjt@z-gglz.net
932275515,Monique,Shah,Chemicals,qzeuzip.mejqx@tskvqn.com
359042314,Deanna,Reyes,Business (& Consumer) Services,qzmvlzgk@mjulp-.com
124820799,Karen,Farley,Marine,rbgqn5@rrjlfb.com
410727346,Philip,Boyer,Chemicals,rcflavjw1@kdfgkn.org
658841750,Gilbert,Crawford,Power,resicte.moaifhozk@yp-poq.com
511571157,Ricardo,Martinez,Leisure & Tourism,rggi7@-xyayn.com
603982071,Byron,Farmer,"Giftware, Jewellery & Tableware",rghv94@cyxyag.net
475989650,Pete,Clements,Ports & Logistics,rjawsx.zlevfyosh@vddfbd.net
446890263,Stuart,Gaines,Marine,rjinlc@afiife.net
272888082,Elijah,Pollard,Ports & Logistics,rkehcn.bktd@mupytt.org
261813270,Angelica,Rush,Automotive,rkvxp.jbrw@cvhw-i.org
566352688,Clay,Sutton,Communications,rlra303@eihkpv.com
26097013,Jeff,Myers,"Agriculture, Horticulture & Fisheries",rltbj@jjvulx.org
820965636,Clayton,Cantrell,Environment,rlwj.mfuxnn@hzzihc.pezbfq.com
759563871,Marianne,Swanson,Mechanical Electrical & Process Engineering,rmgv.pvgvpqa@eqzrljkqz.ktwrwl.org
593191549,Anitra,Pugh,Oil & Gas,rmhvmogh4@zdieipgk.onbpzz.net
911288519,Amanda,Rose,Metallurgical Process Plant,rofcbscp.pnsbskh@ruamsdk.tbvkax.com
535130210,Curtis,Adams,Marine,roxab.iqltqemk@kunt.rsxmqf.org
366072597,Alan,Clements,Mining,rqktc.vmri@zrumks.org
144697457,Guy,Cameron,Business (& Consumer) Services,rqpr1@mwgbqcmt.xmcehl.org
393612444,Brooke,Blackburn,"Giftware, Jewellery & Tableware",rrlris59@uflwm.ieugkf.org
137734471,Autumn,Bradley,Sports & leisure Infrastructure,rryajd443@aggemv.com
692060466,Tina,Ford,Ports & Logistics,rtnluotd672@goyzgttj.neecio.org
330439216,Brent,Fry,"Giftware, Jewellery & Tableware",rtosikx.hcyav@zkwqz.qnebmv.org
254302707,Curtis,Owen,Mechanical Electrical & Process Engineering,rtrri@myevwxg.jrfrgz.org
143878027,Aimee,Butler,Mechanical Electrical & Process Engineering,rtuassx5@zklivs.net
559943447,Claire,Cowan,Airports,ruxc.tdewyykbny@eiwskpsuy.icdclw.org
848282206,Tammi,Bernard,Ports & Logistics,rwbyz.vkihuxrwq@yuwi.tfjhft.com
734695244,Thomas,Shaffer,Financial Services,rwdgpzfa057@wgxy.vlbklc.net
188846367,Norma,Gomez,Ports & Logistics,rwtx.tbxhutow@ytafd.vmmcis.org
815104463,Adriana,Hutchinson,Financial Services,rygsdz.xallgbjwtt@nfhmdi.net
452364759,Frederick,Ferguson,Mining,ryrnxidx.mtyllak@zoybj.rzqriz.net
667743493,Abel,Green,Power,sabvxa.bthjksye@gkelv.gczgmr.com
405340670,Scot,Gates,Biotechnology & Pharmaceuticals,scmimpff@zquodefh.qfkyu-.com
701721087,Iris,NULL,"Household Goods, Furniture & Furnishings",sdftot.kmbyotfsyb@ffckugtvr.otfvxo.org
552088448,Rene,Gaines,"Giftware, Jewellery & Tableware",sdsb.dotc@qfeteskn.teavcb.org
289940801,Tim,Andrews,Airports,sdxu@retv-o.net
514847690,Darrick,Buchanan,Chemicals,setrz61@jzytfz.net
513620585,Rochelle,Sanchez,Mining,sfonorwh.eazapnlz@ntghkm.org
26800130,Karl,Richardson,Railways,shpqbut.cevwi@avpzoh.iuitlu.org
790182090,Kimberly,Benjamin,Biotechnology & Pharmaceuticals,siqxafpz43@ndmhvk.org
820329197,Anita,Williams,"Agriculture, Horticulture & Fisheries",sirnw@jvidgw.yelxbf.org
987598803,Renee,Howell,Oil & Gas,siws@vtxvo.dj-joe.org
258298577,Christine,Buckley,Power,sldk3@ydsypu.org
299513939,Felicia,Vega,Education & Training,smszsy.mtpzi@nriqxs.net
510588429,Noel,Lester,Education & Training,snjrdrf.howzx@yrsfhln.paidfl.org
627208394,Bryce,Wagner,Power,snvzyc28@tdphg-.com
127128355,Olga,Bird,"Agriculture, Horticulture & Fisheries",soekzbxq@tyywoc.com
840197921,Christie,Guerrero,Biotechnology & Pharmaceuticals,spawoew.vfuqnoc@bpuszkyov.kefirx.net
634651357,Jerrod,Bentley,Mining,spcy@ebgigytzj.binzpd.com
772697067,Melissa,Parks,Ports & Logistics,spub.frfj@wfal.mtgbgm.com
760677425,Margarita,Howe,Education & Training,sqbcju.gfohnoyj@sdgicg.lgtoqz.net
957306741,Anne,Donovan,Metals & Minerals,sqpzpm6@nypamu.net
364524379,Gerald,Perez,Communications,sqvrysqg7@sqe-ww.com
603533483,Chasity,Bryant,Financial Services,sqvvhml59@bkxoltohm.ktejwa.org
856213195,Jess,Villegas,Construction,srbnvpp082@zrdwf.vsijuw.org
3974133,Bryant,Hardin,"Textiles, Interior Textiles & Carpets",srfnofgd.vwmquoqa@isoqoi.com
173659531,Julio,Bradford,Metals & Minerals,srfqlvyn2@ebpgrpq.pop-ae.net
350827453,Karen,Aguirre,Creative & Media,srnikgz.cftug@tngux.vt-eqf.org
502739956,Derrick,Hutchinson,Metallurgical Process Plant,srxixjz@izkcykv.uconnj.org
416080902,Juan,NULL,Environment,stvkcz493@kcqucd.net
103401892,Juanita,Baker,Creative & Media,sujhysnp@pmautg.xdasqt.org
424486438,Dana,Camacho,Oil & Gas,suuen456@dgnyzar.un-dqz.org
769777090,Jana,Wolfe,Business (& Consumer) Services,svef.xtneohw@odjfhamii.brxihe.com
936664643,Ebony,Mc Clure,Education & Training,swacjaz72@prjbte.vvu-tj.net
267070837,Max,Steele,"Giftware, Jewellery & Tableware",swaehpu00@uzldf-.org
763457098,Myron,Wells,Railways,swuyybr@vnlgnzi.xhpkce.com
132418883,Morgan,Holder,Chemicals,sxaqmjdv@ehyssq.org
367139337,Leo,Durham,Metals & Minerals,sxeq24@tfluhf.com
353317596,Alejandro,Waller,Sports & leisure Infrastructure,sxzwn77@wtnrkr.net
459277074,Luz,Stout,"Giftware, Jewellery & Tableware",sybn089@uoulfw.org
702720962,Blake,Dorsey,"Fire, Police & Security",syifpvzy.mfmasxyibx@vhmjul.org
550105998,Benjamin,Gould,Airports,syiiq.nwgqk@yeosvw.com
273886250,Jayson,Buchanan,Electronics & IT Hardware,syzatt6@vofamj.msksm-.org
414508893,Sonny,Rangel,Ports & Logistics,syzejz.kvouaqx@acau-d.com
499173450,Rolando,Luna,Education & Training,tbqm9@flmwzqreo.oadxzk.com
308082297,Tera,Soto,Environment,tbtclvag241@kim-vw.net
813660124,Dwight,Ali,"Fire, Police & Security",tcpx.hxiko@vaiup-.net
508432762,Allison,Jacobs,Chemicals,tdkftan728@ryxedgxhw.cuzpxj.org
935503462,Douglas,Suarez,Business (& Consumer) Services,tfcbcf51@zksuzh.org
63907689,Melanie,Buck,Aerospace (Civil),tgdddjx.ozvbh@xhehefwgx.cdaepm.org
758237867,Sherri,Rose,Biotechnology & Pharmaceuticals,thwrx09@igb-cd.com
147295867,Roger,White,Sports & leisure Infrastructure,tibirn.yuadwxsd@vrzfrn.com
4779602,Margarita,Taylor,Mechanical Electrical & Process Engineering,ticmvia@pahwyz.com
413465725,Ramiro,David,NULL,tiunrhy.aczhslh@orag.tzybac.org
11426157,Evelyn,Cowan,Power,tizzkedx@fsclwa.com
49073621,Latisha,Jefferson,"Fire, Police & Security",tjhfl@tjlav.vgexkx.com
442678049,Ismael,Odonnell,Aerospace (Civil),tjvseub1@gojpeq.net
199541470,Alfonso,Peters,Food & Drink,tjxortm9@bdjrlinuj.evnruf.net
139595238,Sidney,Ortiz,"Giftware, Jewellery & Tableware",tkrt96@bdieyh.lbobhn.com
590064603,Mario,Blanchard,Power,tkudgdlm.ayhozd@ntidra.com
123177208,Randy,Wilson,Ports & Logistics,tlbbb@lddma.lmgmwe.com
613351336,Dennis,Booker,Business (& Consumer) Services,tmkrbfk464@tlb-jf.com
894166122,Doris,Chung,Oil & Gas,toafhl.afkjybdi@mmizvv.gtlyum.com
873677191,Patrick,Lowe,"Clothing, Footwear & Fashion",totjpvnl0@jrahrz.com
395611739,Douglas,Shea,Construction,tpurr767@prqqul.com
801054070,Ashley,Howard,Water,tqqx0@qrojux.com
681468215,Mitchell,Olson,"Household Goods, Furniture & Furnishings",trutv.smwnasw@peypvjim.wmethr.org
474561101,Karl,Wallace,Aerospace (Civil),trviqga.dunevbtl@bbxnnpr.scpsbz.net
873665968,Jami,Yates,Aerospace (Civil),ttvl.pwugsckq@paywkd.org
494730740,Ron,Martin,Food & Drink,tueyutc.pwfbprbv@cvflqg.net
684009981,Lindsay,Santana,Food & Drink,tufs2@lexfgkwo.drmgjn.com
209902118,Ted,Sampson,Aerospace (Civil),twbgxyn0@mga-np.net
69870593,Ethan,Castro,Sports & leisure Infrastructure,twposps.zqarjv@mzxz.oszizc.com
367996598,Jonathon,Horton,"Giftware, Jewellery & Tableware",txcl.nkpmi@ncxzhm.bjaxbj.com
235362963,Glen,Goodman,Communications,txrl.dryooniiz@ccxuhd.org
901207124,Jose,Gardner,Construction,tymmj.rhgczqdv@thumavj.hrmpqi.net
784348937,Rosemary,Frederick,Healthcare & Medical,tzme.ctmprzmqs@edglrjglu.er-kiz.org
582366382,Robyn,Gamble,Marine,uahyf2@rbvtta.com
877642538,Claude,Wall,Financial Services,uaovjj.jjqrjcbq@owsufo.net
686907889,Ian,Cook,Water,ubdre.zgnap@oudrdf.com
448710711,Neal,Yates,"Agriculture, Horticulture & Fisheries",ubhgb.vokyvka@-csyeq.com
612714399,Corey,Pham,Mechanical Electrical & Process Engineering,ublb@kdjaxd.net
343017391,Chandra,Reeves,Power,ubnwlwne008@fzbgoc.org
983477852,Carolyn,Cooke,Electronics & IT Hardware,uewwinb8@xyqvrvzrj.mn-iwx.com
998989275,Donnie,Wolf,Leisure & Tourism,ufctsaw.qdmgztbko@vvrfbd.ifevkc.com
159319361,Kristen,Donaldson,"Clothing, Footwear & Fashion",ugjhjnlm6@lpsn-y.org
503252440,Kirk,Boyer,Business (& Consumer) Services,ugjyqs@liixhw.org
370734487,Esteban,Montgomery,Aerospace (Civil),ugnaj.oiovqko@fwhy.vfh-nu.net
459008010,Kathleen,Cardenas,Leisure & Tourism,ugtji.shtr@fphnfw.org
569349248,Donnell,Castillo,"Agriculture, Horticulture & Fisheries",ugwri241@ucpvsq.org
417095282,Edward,Shah,Electronics & IT Hardware,uhahljbo.mzhavdxpem@uvqaiz.org
903731455,Mandi,Cline,Sports & leisure Infrastructure,uhcobjh.vpgsdjfar@pjnwmt.net
861443173,Jerry,Morrison,Education & Training,uibpo.faldc@djpzzi.com
724000687,Chanda,Daniels,Automotive,ujji988@adyjyq.net
426932110,Tommy,Morrison,Chemicals,ujncqz.abyvs@ivwc.hbyqrq.org
946992812,Elisabeth,Dickerson,Automotive,ujrtfi.uvxoqaynd@mpooggd.melzhj.net
858948938,Catherine,Cline,Biotechnology & Pharmaceuticals,ukoba045@mbhxevcy.kpgqtb.net
870497994,Walter,Farley,"Textiles, Interior Textiles & Carpets",ulvh39@az-ebv.org
89307138,Alisha,Harrison,Business (& Consumer) Services,unjja855@vzzjzt.net
635410495,Miguel,Willis,Construction,upfp.lgsk@rrzybsab.jtfdec.com
550531292,Jerry,Conrad,Business (& Consumer) Services,upif.oakqfd@yhwvmmbs.makogr.com
648591139,Kathleen,Eaton,Financial Services,uqelvkyo621@ymzqtrls.hwajfj.org
451098667,Melody,Robbins,Mechanical Electrical & Process Engineering,uqoaxsti703@mcxxwvf.tppyee.net
27444409,George,Tanner,Metals & Minerals,uqqwqscd112@wicnbt.net
295134538,Tabatha,Schmitt,"Agriculture, Horticulture & Fisheries",uqsyw0@whroljgoz.ygabpy.com
892027641,Dwayne,Macias,Oil & Gas,urjbkzh@vtwgig.com
914228022,Shari,Dunlap,Power,utromd24@qfdvd.gvlfis.net
291088595,Dominick,Knapp,"Giftware, Jewellery & Tableware",uvcsmz51@xdqyin.com
679158868,Maria,Cisneros,Financial Services,uvjrasn.nlvmflmbie@niygh.cwakid.org
167023592,Demond,Shaffer,Marine,uvpfwm574@xjfwwf.net
716372615,Bart,Craig,Food & Drink,uxkbmufh.waxbv@srzbhssr.ycmank.net
448473564,Alicia,Hatfield,Leisure & Tourism,uyujnsq.dghmhlqcf@ludkeyiu.kf-crr.com
886914669,Eva,Dickerson,Marine,uzancqb7@nvbwtg.org
500810315,Aaron,Mckenzie,Mechanical Electrical & Process Engineering,valbp8@egonitm.aosmib.org
871680790,Laura,Livingston,Mechanical Electrical & Process Engineering,vbkav.xqgda@bennqek.jighyy.com
454345933,Grant,Villegas,Chemicals,vdbkv.hnziyvxdcq@atcxuwp.ynyayv.net
892032881,Isabel,Riggs,Automotive,vdnw.qwpv@enzwxl.kfwnr-.org
64600885,Darryl,Leonard,Airports,vfsxufqz@lzinbfqj.gvdnnf.net
948711653,Iris,Patterson,Construction,vgmkrmay.hbjk@irodjp.com
348519295,Erich,Yang,Biotechnology & Pharmaceuticals,vhjks.eaky@-jqwj-.com
280183536,Levi,Humphrey,Financial Services,vhrvhhtd.ocqqmi@ljntns.org
239987895,Jamey,Wallace,Food & Drink,vjmlqv1@swylegd.owtiua.net
475226372,Morgan,Castro,Healthcare & Medical,vjnbzwjv.fwtioexw@tmsa-p.org
872724392,Cornelius,Weber,Healthcare & Medical,vjwzj02@vhnukv.com
492603039,Donna,Lowe,NULL,vkugz885@ekgtbsumw.zwmbzs.org
348412454,Sonny,Barr,Financial Services,vlbeoq591@qdvstd.net
199455945,Lara,Duran,Oil & Gas,vmaohlyn@ntfysqnrb.mdamuv.com
178593789,Otis,Walters,Oil & Gas,vmxtak@zfpixp.net
230299267,Tyler,Gallagher,Ports & Logistics,vnjlp808@cnpvymc.kbxdbs.com
805282548,Clinton,Bryant,Education & Training,vogf.jiquvivx@nqhdwq.org
146188569,Yvonne,Rose,Chemicals,vpbtbww.eqtjzfoci@jzhwlft.uzvire.org
262404973,Randal,Hendrix,Mechanical Electrical & Process Engineering,vqtzllur19@lnkci-.org
723200075,Melinda,Brewer,Healthcare & Medical,vrsliov66@ltwtrs.org
901260518,Suzanne,Thornton,Metallurgical Process Plant,vshbur.qvoj@mjizuahe.gimdwq.net
177133995,Marisol,Potts,Automotive,vutwrt43@xyxdso.net
119193863,Kelli,Howard,Automotive,vvebchju.xblgdl@quui.gckckq.net
238642463,Ericka,Levy,Water,vvgfc.ksqqi@tsvrge.com
985399265,Eli,Brennan,Metals & Minerals,vvvdpxn05@rhuwyxfxk.rtkhxp.net
683703960,Perry,Avery,Metals & Minerals,vwcmodi@wuvaxvz.kjvjpj.com
497267862,Victor,Green,Sports & leisure Infrastructure,vwjo.dduk@yssgzykt.riesbk.com
971382975,Kate,Sparks,Healthcare & Medical,vxssd.wmdow@pjxzoe.org
395919048,Trenton,Vaughn,Power,vyxufje.gfqpczjgv@-s-yec.net
514781801,Shanna,Snow,Healthcare & Medical,wbdzo705@owitru.org
540202655,Leigh,Delgado,Airports,wcsqialg@eilb.lg-fuc.org
446216167,Candace,Downs,Metals & Minerals,wdlff.zkmgjow@bt-ugv.org
842917829,Rex,Lara,Metallurgical Process Plant,wdsh3@vvorbu.acwsel.net
451302406,Shanda,Baldwin,Creative & Media,webbuxmz58@dapgtj.net
217328395,Charles,Barber,"Household Goods, Furniture & Furnishings",wejklyce.vtfvoxdhf@rwwnmn.com
360281930,Andre,Mc Guire,Healthcare & Medical,wezevtm78@yiibuk.net
441419232,Tim,Nunez,Healthcare & Medical,wgatw.ihhebxzbk@scrldq.pgaqqp.com
990942741,Sherrie,Galvan,Healthcare & Medical,wgtvojl.jncvnpvf@xcpukx.net
135803837,Stephen,Clements,Creative & Media,whal137@sfxbcyzi.ttlznl.net
88639367,Wendy,Savage,Mining,whch@utoxds.com
886182992,Margaret,De Leon,Communications,whpmxim.yaszhm@huaano.net
713178099,Rafael,Boyer,Biotechnology & Pharmaceuticals,wiqevxmv.ayxesipzj@qsufhq.yowzxt.com
309076008,Trina,Ortiz,"Giftware, Jewellery & Tableware",wismy.avtvhutxe@hrz--g.com
642494433,Sammy,Owen,Chemicals,wjdlgnwx95@nuvwqpcqb.zldddg.org
922996479,Kerrie,Santana,Financial Services,wjxewg.pgsvwyuwcn@ibewpz.com
614509270,Caroline,Jackson,Aerospace (Civil),wjxrjbjd@fwmzza.org
997780691,Dominic,Lozano,Water,wjyfdtoe.sxsfwq@gesq.bkajzl.org
146275650,Jarrod,Davila,Leisure & Tourism,wktmry.hbbjbkps@rlcr.fgxpdh.net
479164463,Vivian,Reyes,"Household Goods, Furniture & Furnishings",wmjs.bucsequs@pljihg.com
172961010,Suzanne,Pena,Metallurgical Process Plant,wodi.hewwnrd@clpspfnik.mwuajo.net
32639423,Darnell,Jackson,Automotive,wpbwnw.lxaopblaye@wxaka.qkonf-.org
5251947,Jane,Buckley,Leisure & Tourism,wpxelb.frekxmg@tck-xm.org
744462890,Linda,Marquez,Water,wqxf.tqpmcqxjj@vwwlppryw.caoojw.com
634696325,Javier,Terry,Business (& Consumer) Services,wqznmdwi.lbxakqhinn@ecst.bfnasf.net
87486957,Reginald,Chang,"Household Goods, Furniture & Furnishings",wrubs.iyjgjzbxwg@bqtima.net
436357321,Alma,Johnson,Healthcare & Medical,wszkbzvo.drnga@fleuld.org
185063324,Jami,Frazier,Creative & Media,wtczou.rrkxof@djrdpq.net
60537350,Jeanine,Abbott,Healthcare & Medical,wurne.dmuknhaiqc@xliucmcuk.oromnx.org
122586098,Nora,Jennings,Construction,wvdw91@zsbs-m.com
392114089,Alexis,Townsend,Food & Drink,wvruiheg596@thquien.tpcsph.org
217430049,Carey,Lloyd,"Clothing, Footwear & Fashion",wwvdlrqw31@jaidp.odnh-e.net
965950317,Brett,Miranda,Sports & leisure Infrastructure,wxqexd.xxsjudkpcy@skxseh.org
95925394,Garrett,Frye,"Household Goods, Furniture & Furnishings",wyrnxo27@mibwuh.net
299016121,Kristi,Calderon,Education & Training,xarekfs.zhmoek@dhn--v.com
530721859,Garrett,Duke,Food & Drink,xbltkqvr.jfirgnros@bvvaxi.net
827731143,Angelo,Wood,Environment,xddd.hijfov@olfogqkzu.tqoyyf.org
535296777,Adrian,Mc Bride,Water,xdisjtb19@kjsvce.com
932669640,Gwendolyn,Stevenson,"Agriculture, Horticulture & Fisheries",xdphx629@-rupxz.org
335632011,Angelique,Shaffer,Business (& Consumer) Services,xdpmd@aznwjs.org
767421034,Billy,Ritter,Automotive,xgjdxy.mwtqvw@bodyvl.tqfysa.org
389748052,Kara,Bradley,Water,xgns.qsjaxa@wdfeta.org
913621904,Timothy,Alexander,Aerospace (Civil),xgqx156@y-wqaz.org
213572711,Joy,Beard,Airports,xhchz.mwazjy@goyqj.mbvqpv.org
193870073,Brandy,Neal,"Textiles, Interior Textiles & Carpets",xhirk.dubzl@vlsswqv.sbbvag.net
107969569,Ira,Coleman,NULL,xhwpjp.cskpjkmbmz@ccab-l.org
701203477,Cynthia,Gamble,Leisure & Tourism,xiwvqc741@tceteo.msqwjb.net
543884144,Otis,Pugh,Mechanical Electrical & Process Engineering,xiyc14@qdljtg.com
295637458,Gerald,Reed,"Giftware, Jewellery & Tableware",xkdet@bcdbst.net
82608626,Diana,Mercer,"Household Goods, Furniture & Furnishings",xkszvxqa.ybthnyw@wpbopg.org
216802145,Walter,Marsh,Power,xlcjvk897@vpimdzk.zlfwta.com
264606479,Rhonda,Chung,Business (& Consumer) Services,xmcho@inpyig.net
797533241,Leslie,Schultz,Creative & Media,xndhjd.zukxjdbkag@tszbfkj.yokedt.net
490339103,Mickey,Hall,Healthcare & Medical,xoivghnd8@smnezy.org
869815718,Anitra,Erickson,Water,xqet@wofjyx.net
612435443,Alisa,Powers,Chemicals,xqybpltk@rhryuw.s-ursv.net
447577407,Bill,Finley,Railways,xrffhpy@d-crrj.net
698507650,Tameka,Vargas,Food & Drink,xtldkyke.xmztiacqnu@kfkcwyi.asqihs.net
777324920,Duane,Cohen,Food & Drink,xuoidg.pmnk@oqvsbl.egwcfd.org
583902694,Jared,Hensley,Healthcare & Medical,xupcksp.qxpghc@awleok.com
577473242,Dale,Marks,Mining,xuqqd.agvsahbs@lhzbmlns.uftdua.com
807456021,Nicole,Erickson,Metals & Minerals,xvmu.hioajdnth@qfax.sckrdh.com
672848404,Joshua,Ritter,Metallurgical Process Plant,xvqdrue@tzagic.net
785714272,Carrie,Foley,Sports & leisure Infrastructure,xwyyaqj.xdukbs@ruf-hj.org
29204305,Robbie,Benson,Marine,xxcjiuc.efotxfdve@elxl.ndadmy.net
980816236,Kim,Bell,Metallurgical Process Plant,xxdzvu@baluko.net
692776574,Emma,Booker,Electronics & IT Hardware,xxrizf.ckemz@kzjesh.com
23595514,Bart,Bryan,Environment,xziqcys.ieeqnn@y-ujeo.com
701477559,Tia,Hicks,Aerospace (Civil),xzoda751@fzfeebngb.iyjbyp.com
732870412,Dena,Rosario,Railways,yaadvn677@utdzxekzb.ajvfve.net
200129287,Sidney,Rubio,"Textiles, Interior Textiles & Carpets",ybpma6@cfkroe.com
841920568,Dewayne,Marks,"Clothing, Footwear & Fashion",ydgqttc.xtyhg@jfltil.net
827623478,Robyn,Cox,Food & Drink,ydqeflgj.axzhhmver@gwgnzq.com
105541038,Raymond,Cherry,Education & Training,yesrkbhu.shijrfxa@fybdbdmcx.znvigt.com
50049923,Benny,Raymond,Creative & Media,yfcbk2@gnhtxf.net
497941453,Shana,Snow,Communications,yfrkzytc.vwqdqlwaas@eumcvg.com
207778992,Lawrence,Bradley,"Fire, Police & Security",ygmo.mclenybmz@tdsfho.org
179748000,Anne,Frye,Biotechnology & Pharmaceuticals,yhsfwizo.vapzbh@hffdmedi.pkveae.org
196913145,Bret,Strickland,Metallurgical Process Plant,yidqmglp.cewtxzl@wgidq.hifnnj.net
699306280,Jon,Hunt,Metals & Minerals,yifxr.yoqodt@tslitv.com
818844299,Dylan,Myers,Food & Drink,yigiwll95@xbwfjl.net
375400160,Ty,Hutchinson,Electronics & IT Hardware,ykfvqkh761@zmnzpby.dfnjoj.net
506199796,Pete,Solomon,Chemicals,ykpji2@tamd-h.com
490174915,Fred,Hardin,Chemicals,ylpsril.fasc@brwpmithn.kgo-ir.com
652235144,Ebony,Holder,Water,ymyszk.bdjxxfbmcc@nicnfwoa.ewtiax.net
53898245,Jimmie,Marshall,Sports & leisure Infrastructure,ynczda985@bytdgg.zxztvp.org
191585794,Molly,Johnston,"Giftware, Jewellery & Tableware",yobylsk.igtdjprrvd@sc-ddy.com
79061533,Reginald,Bauer,Ports & Logistics,ypakoljd.adhbbr@dkfycn.org
592509980,Scot,Kent,Healthcare & Medical,ypducq.xvfxurqd@qrgebh.com
239066835,Evelyn,Compton,"Textiles, Interior Textiles & Carpets",ypfog.fkynwl@wuxohb.org
771805493,Reginald,Cummings,Leisure & Tourism,ypkazkdg@ectta.ltp-hd.net
150159744,Latonya,Graves,"Clothing, Footwear & Fashion",yptdivsg6@cuxatc.org
11699976,Lawanda,Gibbs,Ports & Logistics,ypyqfpxe.rueztoioy@rxjmldzh.cvufyp.org
688745048,Ramiro,Tate,Metallurgical Process Plant,yqhi.uxdnrpwqx@etsj.b-rqhl.com
243730379,Ernesto,Garza,Environment,yqoxkkn684@aojdja.com
963999598,Kerry,Peck,Airports,yrqpqlk.jucwr@isxlwl.org
337232316,Janelle,Kaiser,Electronics & IT Hardware,ysdeeg83@msljfs.com
138232540,Justin,Benitez,Creative & Media,yunnetu0@ndgewajgi.cgifif.org
135839850,Christa,Strickland,Aerospace (Civil),yurtf6@huglkz.winydt.net
737452994,Maria,Randolph,"Textiles, Interior Textiles & Carpets",yuzj@ymypmi.vklybh.net
343605928,Shawna,Wilkins,"Agriculture, Horticulture & Fisheries",yvmgb.lynuwdat@my-cxo.net
291317997,Shauna,Grimes,Automotive,yvqf@owgwklvkt.qsdokh.org
20307992,Nora,Hunter,"Giftware, Jewellery & Tableware",yvyhqfe.dpgqffvo@bwvapm.org
943384537,Jocelyn,Reilly,Metallurgical Process Plant,ywdyh.ayfoyszia@dfspvh.org
924471889,Omar,NULL,Environment,ywmjgvwn.vxuzx@lns-rm.org
82585211,Freddie,Tapia,Sports & leisure Infrastructure,ywrnjce.hzohf@rqxv.ehwcqa.org
272902077,Duane,Scott,Leisure & Tourism,yyagj.ypatvjc@lsxonn.org
837835311,Douglas,Cochran,Mining,yyjrl.hmgroiz@ikromn.com
551934096,Bridgette,Kaiser,Food & Drink,yyqqsqy@enqeopjpg.wzogix.org
149516842,Angelica,Moyer,"Textiles, Interior Textiles & Carpets",yzbybh285@vqdmfwbb.abnoyj.com
500175428,Myron,Ryan,Aerospace (Civil),yzscp4@iyljdn.net
953600189,Curtis,Pennington,Sports & leisure Infrastructure,zbqmubhh.gmiihqxyrb@baojtc.net
355563798,Rick,Bond,Business (& Consumer) Services,zbqpa.uppwql@fiplkn.vkuvbw.net
709370299,Miriam,Carr,Aerospace (Civil),zbvs87@qkybldr.r-gvts.net
298548037,Ralph,Jacobs,Power,zdcijdb.rbzjf@zygq.hdlhrt.org
177954496,Angelia,Knight,Railways,zdewermq23@dm-wnq.com
255904689,Jon,Mc Intyre,Aerospace (Civil),zdlwk.kuzgo@nlrrbcyda.gkhuip.net
276450174,Shannon,Moon,Construction,zerggu675@dkbyso.net
871653099,Kathryn,Hale,Communications,zfha.jqbrxgew@gjsguq.net
675270665,Jared,Lam,Metals & Minerals,zfyh.tpsahpcyhw@iegfng.net
391199509,Stacey,Mays,Biotechnology & Pharmaceuticals,zgrlpl@hfwcumzy.gkbxrx.net
567778427,Jessie,Ellis,"Giftware, Jewellery & Tableware",zhdth.mrha@uxhcxp.net
301109665,Zachary,Henry,Aerospace (Civil),zhjkczz.uqdxwqk@sjjibs.net
141303531,Neal,Moran,Electronics & IT Hardware,zirfdc.xrhjwopjtn@nboca.nnrjoz.org
559243830,Belinda,Doyle,Communications,zjhvd@dgminp.wxxsb-.com
131882134,Curtis,Mckinney,"Giftware, Jewellery & Tableware",zkhmlluf.dupqen@voys.yrbvxl.org
554787085,Carl,Wolfe,Metallurgical Process Plant,zltqq.uzruki@huwhhb.bja-nw.net
121883012,Helen,Mosley,"Fire, Police & Security",znhk.arqsgdpot@kbjzepg.rdepin.com
851927768,Eduardo,Bruce,Mechanical Electrical & Process Engineering,znpr253@gonyojf.kzgcev.org
756181583,Anita,Mc Connell,Sports & leisure Infrastructure,zobuo5@lqmcnz.pqlmpu.com
602174219,Celeste,Reid,"Giftware, Jewellery & Tableware",zojzwbbm594@iiambb.com
586091283,Shawna,Bradley,Oil & Gas,zokzuwlj.ipvmawi@veyzpc.mcezhz.org
649294274,Rochelle,Griffith,Leisure & Tourism,zozv.wlxjptvi@ihbj.xvudpx.org
543648012,Jo,Roth,Oil & Gas,zpojlr.rdexz@fmnjjrrb.jwzkkd.net
563847265,Duane,Stafford,Railways,zqhwz@fhquqmhu.bpxepf.net
677684630,Arthur,Welch,Sports & leisure Infrastructure,zqthah00@zfd-dt.org
573286437,Tera,Gentry,Mechanical Electrical & Process Engineering,zqueq.eeyh@quyomreja.wpfuum.org
944223506,Lana,Howell,Metallurgical Process Plant,zqyvohwz06@oafvxn.net
197959701,Natalie,Barrett,"Household Goods, Furniture & Furnishings",zralwvtn.gasudiirbs@wrpenkpzc.zogarp.org
320765505,Alex,Weaver,Mining,zrjdkt477@-uniwr.org
15557612,Angie,Patel,"Fire, Police & Security",zsagzwfl.yscpxbwy@ihnz.imyf-z.net
851206224,Megan,Leon,Electronics & IT Hardware,zswrwxz.qffyksfh@aznene.org
401517340,Jeremiah,Shelton,Environment,ztmdvhg.udyslbsg@v-gtat.net
11225078,Autumn,Woods,Education & Training,ztnm.csypjrr@obtiom.net
18580929,Eddie,Barton,Electronics & IT Hardware,ztvl@nntohrfou.whoymf.org
915441758,Norma,Luna,Power,zufgqvve89@nrtjaq.tbuxqn.com
244537775,Shirley,Dean,"Fire, Police & Security",zwuylsfb.gmfdtsgr@iuwtwdjze.pkezef.net
211141091,Patrick,Villanueva,Metals & Minerals,zxatqyx.fevrqr@odfprgmw.yt-fiu.net
398246866,Morgan,Jennings,Chemicals,zxoztt.aefeijz@eruzjk.net
343454805,Andre,Burns,Power,zymkp249@ukvbe-.org
370550114,Mary,Boyd,Food & Drink,zzjlcitq.fwhinp@yyw-ro.com
342582383,Roman,Koch,Communications,zzjssgyq5@wiecyu.xtfytb.org